{"main":"american-flights-api.raml","name":"American Flights API","organizationId":"796de45c-7df5-4d9d-bd44-b7d60919fa0d","groupId":"796de45c-7df5-4d9d-bd44-b7d60919fa0d","assetId":"american-flights-api","version":"1.0.1","metadata":{"branchId":"master","commitId":"dcfb8026267ab74e92e4b9d9c3447d443c4e1f72","projectId":"3b714662-6bdd-474d-a723-2391bf212c69"},"apiVersion":"v1","classifier":"raml","dependencies":[{"assetId":"training-american-flight-data-type","groupId":"68ef9520-24e9-4cf2-b2f5-620025690913","version":"1.0.1"},{"assetId":"training-american-flights-example","groupId":"68ef9520-24e9-4cf2-b2f5-620025690913","version":"1.0.1"}],"tags":[],"originalFormatVersion":"1.0"}